country,1960,1961,1962,1963,1964,1965,1966,1967,1968,1969,1970,1971,1972,1973,1974,1975,1976,1977,1978,1979,1980,1981,1982,1983,1984,1985,1986,1987,1988,1989,1990,1991,1992,1993,1994,1995,1996,1997,1998,1999,2000,2001,2002,2003,2004,2005,2006,2007,2008,2009,2010,2011,2012,2013,2014,2015,2016,2017,2018,2019
Aruba,,,,,,,,,,,,,,,,,,,,,,,,,,,,,,,,,,,,1.12,,,,,,,,,,,,,,,,,,,,,,,,
Afghanistan,0.035,,,,,0.063,,,,,0.065,,,,,,,,,,,0.077,,,,,0.183,0.179,,0.129,0.109,,,0.143,,,,0.11,,,,0.19,,,,,0.16,0.174,0.174,0.213,0.236,0.252,0.241,0.285,0.298,0.285,0.278,,,
Angola,0.067,,,,,0.076,,,,,0.116,,,,,,,,,,,,,,0.059,,,,,,0.042,,,,,,,0.0592,,,,,,,0.0621,,,,,0.131,,,,,,,,0.215,,
Albania,0.276,,,,,0.481,,,,,0.739,0.911,0.845,,,,,1.04,,,1.37,,,1.42,1.41,1.41,,,,,1.37,1.46,1.62,1.41,1.34,1.36,1.38,1.39,1.39,,1.38,1.31,1.17,1.19,1.19,,1.18,1.2,,1.23,1.23,1.22,1.27,1.28,,,1.22,,2.16,1.65
Andorra,,,,,,,,,,,,,,,,,,,,,,,,,,,,,,,,,,,,2.24,,2.46,2.53,,2.57,2.6,2.9,3.33,3.13,3.23,3.01,3.01,,3.15,,,,,,3.33,,,,
United Arab Emirates,,,,,,,,,,,0.909,,,,,,,,,,1.07,,,,0.953,,,,,,,,,,,,,,,,1.8,1.98,2,2.08,1.92,1.52,1.33,1.41,1.64,1.52,1.42,1.44,1.48,1.74,2,2.21,2.37,2.44,2.53,
Argentina,1.35,,,,,1.67,,,,,1.89,,,,,1.87,,,,,,,,,2.68,2.71,2.98,,3.03,,2.68,,2.65,,,,,,3.02,,,3.25,,,3.19,,,,,,,,,3.94,,3.99,4,3.99,,
Armenia,,,,,,,,,,,,,,,,,,,,,,,,,,,,,,,0.747,0.739,0.742,0.719,0.696,0.686,0.662,0.653,0.673,0.693,2.7,2.62,2.56,2.46,2.46,2.56,2.59,2.67,2.74,2.77,2.84,2.87,2.9,2.9,2.89,2.91,,4.4,,
American Samoa,,,,,,,,,,,,,,,,,,,,,,,,,0.772,,,,,,,,,,,,,,,0.781,,,,,,,,,,,,,,,,,,,,
Antigua and Barbuda,0.294,,,,,,,,,,0.349,,,,,,,,,,,,,,,,,,,,0.76,0.919,,3.03,,0.76,1.14,,,0.161,,,,,,,,1.71,0.527,,,,,,,,,2.77,,
Australia,,1.1,,,,,1.2,,,,,1.2,,,,,1.5,,,,,1.8,,,1.8,1.9,2,2.1,2.1,2.1,2.2,2.3,2.4,2.4,2.4,2.4,2.53,,,,2.49,2.57,2.57,2.64,2.71,2.78,2.83,3,3.01,3.11,3.34,3.29,3.29,3.35,3.43,3.49,3.57,3.68,3.76,
Austria,1.2,1.4,1.4,1.4,1.4,1.4,1.4,1.4,1.4,1.4,1.4,1.4,1.4,1.4,1.4,1.5,1.5,1.5,1.5,1.6,,,,,,,,,,,2.99,3.08,3.22,3.3,3.4,3.49,3.56,3.64,3.76,3.76,3.85,3.96,4.03,4.12,4.21,4.34,4.47,4.55,4.62,4.71,4.8,4.84,4.89,4.97,5.04,5.1,5.12,5.17,5.21,
Azerbaijan,,,,,,,,,,,,,,,,,,,,,3.36,,,,,3.8,3.88,3.91,3.96,3.99,3.8,3.82,3.77,3.8,3.75,3.76,3.72,3.64,3.56,3.54,3.57,3.55,3.56,3.55,3.56,3.58,3.56,3.71,3.68,3.68,3.66,3.44,3.49,3.46,3.45,,,,,
Burundi,0.01,,,,,0.017,,,,,0.017,,,,,0.012,,,,,,,,,0.047,,0.058,,,,0.058,0.059,,0.056,,0.055,,,,,0.052,,,,0.028,,,,,,0.0482,0.0399,0.0539,0.0581,0.0619,0.05,,0.1,,
Belgium,1.3,1.3,1.4,1.4,1.4,1.5,1.5,1.5,1.6,1.6,,1.5,1.6,1.7,1.8,1.9,1.9,2,2.1,2.2,2.3,2.4,2.5,2.8,2.7,2.8,2.9,3,3.1,3.2,3.3,3.3,3.4,3.4,3.5,3.5,3.6,3.7,3.7,2.79,2.82,2.84,2.85,2.85,2.85,2.85,2.87,2.89,2.9,2.91,2.91,2.92,2.94,2.96,2.97,3.01,3.07,3.07,3.11,5.96
Benin,0.04,,,,,0.03,,,,,0.034,,,,,,,,,,0.059,0.059,,0.075,,0.073,,,,0.071,0.051,0.042,0.055,0.057,0.061,0.058,,,,,,,,,0.0401,,,,0.0623,,0.0558,0.0577,,,,,0.0481,,0.0791,0.0647
Burkina Faso,0.011,,,,,0.014,,,,,0.01,,,,,,,,,,0.018,0.018,,0.018,,,0.004,,,0.029,,,,,,0.034,0.035,0.038,,,,0.04,,,0.0543,,,,0.0322,0.0446,0.0457,0.0386,0.0475,0.047,0.0487,0.0657,0.0645,0.0847,0.0853,0.094
Bangladesh,,,,,,0.123,,,,,0.119,,,,,,,,,,0.12,,,,,0.154,0.144,,,,0.177,0.188,,,,0.201,,0.2,,,,0.25,,0.271,0.281,0.308,0.317,0.329,0.342,0.354,0.363,0.384,0.4,0.422,0.489,0.486,0.497,0.543,0.581,0.637
Bulgaria,1.41,,,,,1.67,,,,,1.86,1.9,1.99,2.04,2.1,2.15,2.21,2.26,2.32,2.41,2.46,2.48,2.59,2.69,2.76,2.87,2.95,3.02,,,3.22,3.05,3.12,3.32,3.31,3.47,3.57,3.49,3.5,,3.44,3.43,3.52,3.6,3.54,3.67,3.68,3.68,3.65,3.74,3.77,3.85,3.9,3.96,3.98,4.03,,,4.21,
Bahrain,0.45,,,,,,,,,,0.429,,,,,,,,,,1.09,,,,,1.22,,,,,,1.31,,,,,,1,,,1.02,1.06,1.08,1.05,0.968,1.04,1.01,1.02,0.99,0.97,0.949,0.945,0.957,0.954,0.957,0.926,,,,
Bahamas,0.496,,,,,,,,,,0.76,,,,,,,,,,0.938,,,,0.943,,,,,,1.29,,,1.45,,1.49,1.52,,1.07,,,,,,,,,,2.76,,,2.31,,,,,,1.94,,
Bosnia and Herzegovina,,,,,,,,,,,,,,,,,,,,,1.03,1.09,1.17,1.21,1.28,1.36,1.42,1.49,,,1.58,1.61,,,,,,,,,1.45,1.45,1.45,1.48,1.51,1.53,1.58,1.64,1.67,1.74,1.8,1.88,1.95,2.04,2.13,2.16,,,,
Belarus,,,,,,,,,,,,,,,,,,,,,,,,,,,,,,,2.91,2.9,2.94,2.96,3.02,3.05,3.12,3.16,3.23,3.29,3.3,3.28,3.3,3.32,3.3,3.31,3.38,3.53,3.15,3.28,3.25,4.76,4.84,4.85,5.01,5.19,,,,
Belize,0.242,,,,,,,,,,0.342,,,,,,,,,,,,,,0.272,,0.451,,0.472,,0.639,,,0.493,,0.6,0.548,,,,1.01,,,,,,,,,0.766,,,1.15,,0.566,,,1.12,1.08,
Bermuda,,,,,,,,,,,,,,,,,,,,,,,,,,,,,,,,,,,,1.2,,1.77,,,,,,,,,,,,,,,,,,,,,,
Bolivia,0.267,,,,,0.311,,,,,0.509,,,,,0.49,,,,,,0.523,,,0.697,,,,,,0.45,,,0.426,,0.34,,,,,,1.2,,,,,,0.332,,,0.439,0.467,,,,,1.59,1.03,,
Brazil,0.374,,,,,0.4,,,,,0.492,,,,,0.624,,,,,,0.767,,,0.927,1.47,,,1.19,,1.09,,1.14,1.17,1.2,1.23,1.26,1.29,1.28,1.37,1.35,1.39,1.42,1.48,1.59,1.67,1.7,1.73,1.78,1.82,1.81,1.85,,1.88,,,,2.17,,2.31
Barbados,0.329,,,,,,,,,,0.523,,,,,,,,,,,,,,0.891,,,,,,1.14,,,1.25,,1.35,,,,,1.34,1.54,,,,1.77,,,,,,,,,,,,2.49,,
Brunei,,,,,,,,,,,0.3,,,,,,,,,,0.435,0.487,,,0.534,,,,,,,0.746,,,,,0.848,,,,1.01,,1.15,,1.29,1.07,1.08,1.05,1.49,1.16,1.45,1.54,1.49,1.62,1.51,1.78,,1.61,,
Bhutan,,,,,,,,,,,,,,,,,,,,,,0.125,0.102,,,,,,,,0.333,,,,0.17,0.16,,,,0.051,,,,,0.185,,,0.217,0.255,,,,0.277,0.286,0.339,0.345,0.406,0.402,0.424,0.46
Botswana,0.042,,,,,0.036,,,,,0.064,,,,,0.133,,,,,0.123,0.134,,0.144,,,,,0.2,0.194,,,,0.194,0.238,,,,0.269,0.315,0.304,0.304,0.314,0.303,0.405,0.259,0.322,0.378,0.374,0.355,0.412,0.406,0.402,,,,0.384,,0.289,
Central African Republic,0.02,,,,,0.03,,,,,0.023,,,,,,,,,,0.043,0.044,0.043,,,,,,,0.039,0.038,,,0.055,,0.035,,,,,,,,,0.0836,,,,0.0405,0.0473,,,,,,0.0721,,,,
Canada,,1.1,1.2,1.3,1.3,1.3,1.3,1.3,1.3,1.4,1.4,1.5,1.6,1.6,1.6,1.7,1.7,1.7,1.8,1.8,1.8,1.8,1.9,1.9,1.9,2,2,2.1,2.1,2.1,2.1,2.1,2.1,2.2,2.1,2.1,2.1,2.1,1.86,2.1,,1.89,1.9,,1.9,,1.91,,1.96,,2.04,,2.4,2.45,2.5,2.54,2.31,2.61,2.43,2.44
Channel Islands,1.02,,,,,,,,,,1.2,,,,,,,,,,1.46,1.52,,,,,,,,,,,,,,,,,,,,,,,,,,,,,,,,,,,,,,
Switzerland,1.4,1.4,1.4,1.4,1.4,1.4,1.4,1.4,1.4,1.5,1.5,1.6,1.6,1.7,1.8,1.9,2,2.1,2.2,2.4,2.5,2.6,2.6,2.6,2.6,2.7,2.8,2.9,3,2.9,3,3,3,3.1,3.1,3.2,3.23,,,,3.92,3.94,4.04,4.21,4.26,4.28,4.33,4.32,3.83,3.85,3.82,3.84,3.91,4.03,4.12,4.19,4.25,4.3,4.33,
Chile,0.559,,,,,0.473,,,,,0.463,,,,,,,,,0.516,,,,,0.817,,,,,,1.1,1.07,0.995,,,,,,,,,,0.892,0.947,0.984,0.98,1.04,1.04,1.04,1.03,2.87,3.17,3.49,3.76,4.06,4.29,4.59,4.88,5.18,
China,,,,,,1.07,0.96,0.94,0.91,0.88,0.86,0.85,0.86,0.89,0.92,0.96,1,1.03,,1.12,,1.25,1.3,1.32,1.33,,1.35,1.37,1.47,1.54,1.1,,,,,1.17,1.17,1.19,1.18,1.21,1.24,1.25,1.11,1.16,1.19,1.21,1.25,1.27,1.32,1.39,1.43,1.46,1.54,1.63,1.69,1.77,1.86,1.98,,
Cote d'Ivoire,0.033,,,,,0.048,,,,,0.064,,,,,,,,,,,,,,,0.071,,,,,0.088,,,,,,0.09,,,,,,,,0.116,0.0925,,,0.14,,,0.153,,,0.231,,,,0.161,0.162
Cameroon,0.034,,,,,0.037,,,,,0.034,,,,,0.072,,,,0.071,,,,,,,,,,0.084,0.082,,0.084,0.073,,,0.074,,,,,,,,0.181,0.0592,,0.0704,,0.068,0.0842,0.0881,,,,,,,,
"Congo, Dem. Rep.",0.015,,,,,0.028,,,,,0.035,,,,,0.036,,,,0.073,,,,,,,,0.075,,,0.066,,,,,,0.069,,,,,,,,0.107,,,,,0.0934,,,,0.0899,,,,,,
"Congo, Rep.",0.06,,,,,0.068,,,,,0.101,,,,,,,,0.174,,,,0.119,,,0.252,0.252,,,,0.276,,,,,0.251,,,0.73,,,,,,0.215,,0.209,0.103,,,0.116,,,,,,0.106,,,
Colombia,0.354,,,,,0.377,,,,,0.42,,,,,,,0.478,,,,,,,,,,,,,1.01,1.06,1.11,1.15,1.17,,1.23,1.26,1.3,1.33,1.25,1.27,1.3,1.33,1.37,1.41,1.45,1.49,1.54,1.6,1.65,3.05,3.16,3.28,3.41,3.5,3.59,3.72,3.84,
Comoros,,,,,,,,,,,,,,,,,,,,,,,,,0.084,,,,0.163,,0.113,,0.127,,,,,0.074,,,,,,,0.193,0.19,,,,0.19,,,0.17,,,,,,,
Cape Verde,0.077,,,,,,,,,,0.082,,,,,,,,,,0.176,,,0.2,,,0.329,,0.342,,,,0.234,,,,0.171,,,,,,,,0.493,,,,,0.516,0.593,0.585,0.515,0.602,,0.781,,,,
Costa Rica,0.391,,,,,0.517,,,,,0.614,,,,,,,,,0.679,,,,,0.99,,,0.968,0.881,,1.26,,,0.883,0.845,0.854,0.864,0.872,0.901,1.72,1.31,,,,,,2.04,2.09,2.16,2.22,2.31,2.37,2.46,2.54,2.64,1.38,1.38,1.34,2.89,
Cuba,0.946,,,,,0.876,,,,,0.822,,,,,,,,,,,1.39,,,1.89,,,,3,,3.65,3.99,4.36,4.73,4.99,5.22,5.5,5.7,5.75,5.85,5.93,5.94,5.99,6.06,6.2,6.27,6.35,6.44,6.63,6.67,6.82,7,7.29,7.42,7.57,7.77,7.95,8.29,8.42,
Cayman Islands,,,,,,,,,,,,,,,,,,,,,,,,,,,,,,,1.7,,,,,1.7,,1.94,,,,,,,,,,,,,,,,,,,,,,
Cyprus,,,,,,,,,,,,,,,,,,,,,,,,,,,,,,,1.56,1.62,1.71,1.76,1.83,1.88,1.88,1.89,1.89,,1.91,1.92,1.88,1.86,1.91,1.9,1.84,2.01,2.05,2.11,2.16,2.25,2.3,2.41,2.5,2.62,1.95,,,
Czech Republic,,,,,,,,,,,1.8,1.9,1.9,1.9,2,2,2.1,2.1,2.1,2.2,,,,,,,,,,,2.71,2.67,2.67,2.86,2.92,2.99,2.97,3.1,3.02,3.07,4.09,3.43,3.49,3.51,3.51,3.55,4.27,4.26,3.54,3.56,3.57,3.61,3.65,3.66,3.93,3.95,4.02,4.07,4.02,4.12
Germany,,,,,,,,,,,,,,,,,,,,,,,,,,,,,,,,2.77,2.85,2.94,3.01,3.07,3.12,3.14,3.19,3.22,3.28,3.33,3.36,3.39,3.41,3.43,3.47,3.53,3.59,3.66,3.76,3.85,3.92,4.01,4.08,4.13,4.19,4.25,4.3,
Djibouti,0.157,,,,,,,,,,0.284,,,,,,,,,,,0.224,,,0.238,,,,,,0.162,,,,,0.191,0.14,,,0.133,,,,,0.167,0.179,0.233,,,,,,,,0.224,,,,,
Dominica,0.133,,,,,,,,,,0.161,,,,,,,,,,,,,,0.339,,,,,,0.46,0.528,,,,0.47,0.493,0.538,,,,1.78,,,,,,,,,,,,,,,,1.12,1.1,
Denmark,,,,,,,,,,,,,,,,,,,,,,,,,,,,,,,2.5,2.43,2.6,2.61,2.64,2.68,2.7,2.78,2.86,2.88,2.91,2.93,3.04,3.08,3.23,3.33,3.42,3.45,3.58,3.65,3.72,3.78,3.82,3.83,3.86,3.93,4.01,4.13,4.22,
Dominican Republic,0.121,,,,,0.588,,,,,,,,,,0.435,,,,,,,,,0.564,,,,1.07,,1.49,,,1.05,,1.5,,2.16,,,1.85,,,,,,,,1.1,,,1.53,,,,,,,1.41,1.45
Algeria,0.173,,,,,0.116,,,,,0.123,,,,,,,,,0.38,,,,,0.427,,,,0.429,,0.942,,,0.821,,0.846,,,1,,,,1.11,,,1.02,,1.2,,,,,,,,,1.83,,1.72,
Ecuador,0.396,,,,,0.335,,,,,0.348,,,,,0.351,,0.637,,,,,,,,,,,,,0.956,1.17,1.2,1.11,1.27,1.25,1.31,1.33,1.31,1.37,1.45,1.54,1.57,1.5,,,,,,1.6,2.11,1.66,,,,2.06,2.04,2.22,,
Egypt,0.391,,,,,0.435,,,,,0.527,,,,,0.536,,,,,1.06,1.36,1.36,,,,1.3,,,,0.76,,,,1.84,,2.02,1.6,,,2.12,,,0.528,,,,,,,,,,,0.788,0.822,0.821,0.799,0.769,0.746
Eritrea,,,,,,,,,,,,,,,,,,,,,,,,,,,,,,,,,,0.019,,,0.03,,,,,,,,0.079,,,,,,,,,,,,,,,
Spain,,,,,,,,,,,,,,,,,,,,,,,,,,,,,,,2.03,3.9,3.96,4.03,4.09,4.09,2.75,2.87,2.92,3.05,3.12,3.1,3.09,3.19,3.41,3.52,3.6,3.54,3.54,3.58,3.73,3.81,3.8,3.79,3.78,3.83,3.81,3.87,4.03,
Estonia,,,,,,,,,,,,,,,,,,,,,2.94,,,,,3.35,3.41,3.48,,,3.51,3.57,3.29,3.22,3.21,3.2,3.14,3.22,3.08,3.14,2.94,2.78,2.96,2.99,3.02,3.14,3.18,3.25,3.33,3.28,3.24,3.29,3.28,3.33,3.36,3.42,3.45,3.46,,
Ethiopia,0.009,,,,,0.014,,,,,0.012,,,,,0.012,,,,,0.011,0.011,,,0.013,,,,0.031,,,,,,0.029,,0.025,0.023,0.021,0.02,0.021,0.028,0.029,0.0268,0.0269,0.0321,0.0269,0.0224,0.0251,0.0252,,,,,,,,,0.0769,
Finland,,,,,,,,,,,,,,,,,,,,,,,,,,,,,,,2.89,2.98,3.06,3.13,3.21,,,,,2.76,2.49,2.49,2.52,2.56,2.58,2.99,3.03,3.04,3.06,3.09,3.27,3.26,3.29,3.3,3.39,3.33,4.53,4.59,4.64,
Fiji,0.495,,,,,,,,,,0.471,,,,,0.476,,,,,0.448,,0.494,,,,,,,0.358,,,0.472,,0.376,,,0.476,0.357,0.336,,,,0.466,,,,,0.399,0.436,,,,0.816,,0.86,,,,
France,,,,,,,,,,,1.2,1.3,1.3,1.4,1.4,1.5,1.5,1.6,1.7,1.8,1.9,2,2.1,2.1,2.5,2.7,2.8,2.8,2.9,3,3.1,3.16,3.21,3.23,3.27,3.29,3.3,3.32,3.33,3.33,6.47,6.53,6.57,6.6,6.63,6.63,6.62,6.59,6.58,6.49,6.5,6.32,6.35,6.39,6.42,6.45,6.48,6.51,6.53,
"Micronesia, Fed. Sts.",,,,,,,,,,,,,,,,,,,,,,,,,,,,,,,,,,0.451,,,,,,0.573,0.596,,,0.561,,0.584,,,0.618,0.194,,,,,,,,,,
Gabon,0.117,,,,,,,,,,0.191,,,,,,,,,,,0.457,,0.433,,0.518,,,0.246,0.494,,0.194,,0.218,0.262,0.296,,,,,,,,,0.292,,,,0.0968,,,,,,,,0.356,0.682,,
Isle of Man,0.248,,,,,0.26,,,,,0.308,,,,,,,,,,,0.684,,,,,0.787,,,,0.577,,,,,,,,,,,,,,,,,,,,1.45,,,,,,,,,
United Kingdom,0.8,0.9,0.9,0.9,0.9,0.9,0.9,0.9,0.9,0.9,0.9,1,1,1.1,1.1,1.1,1.2,1.2,1.2,1.3,,,,,,,,,,,1.62,1.63,1.65,1.68,1.7,1.76,1.8,1.85,1.9,1.91,3.97,4.07,4.22,4.4,4.66,4.81,4.91,4.96,5.11,5.25,5.25,5.31,5.33,5.35,5.43,5.49,5.51,5.57,5.62,5.82
Georgia,,,,,,,,,,,3.2,3.3,3.32,3.4,3.48,3.63,3.72,3.81,3.95,4,4.12,4.21,4.32,4.33,4.47,4.61,4.7,4.81,4.87,4.97,4.93,4.9,4.73,5,4.9,4.79,3.06,3.65,3.8,3.87,3.84,3.72,3.81,3.83,3.8,3.82,3.87,3.9,4,4.22,4.45,4.5,4.49,4.51,4.78,5.01,6,6.13,7.12,7.08
Ghana,0.047,,,,,0.073,,,,,0.078,,,,,0.078,,,,,,,,,0.067,,,0.049,,0.043,,,,,,,0.062,,,,,,0.09,,0.152,,,0.0725,0.0787,0.0841,0.0938,0.0979,0.0956,0.103,0.111,0.117,0.127,0.092,0.096,0.106
Guinea,0.036,,,,,0.022,,,,,0.02,,,,,,,,,,,0.022,0.022,,,0.026,,,,,0.134,,,,0.152,0.13,,,,,0.0927,,,,0.111,0.103,,,,,,,,,,0.0855,0.0832,,,
Gambia,0.043,,,,,,,,,,0.041,,,,,0.04,,,,,,,,,,0.081,,,,,,,,0.016,,,,0.035,,,,,,0.108,0.111,0.107,0.11,0.097,0.104,,,,,,,0.102,,0.114,,0.107
Guinea-Bissau,0.045,,,,,,,,,,0.052,,,,,,,,,,0.141,,,,,0.144,,,,,,,,,0.177,,0.166,,,,,,,,0.143,,,,0.0539,0.0836,,0.064,,,,0.204,0.127,,,
Equatorial Guinea,0.167,,,,,,,,,,0.086,,,,,,,,,,,,,,,,,,,,0.281,,,,,0.208,0.246,,,,,,,,0.213,,,,,,,,,,,,,0.402,,
Greece,1.3,1.2,1.3,1.3,1.4,1.4,1.4,1.5,1.5,1.6,1.6,1.7,1.7,1.9,2,2,2.1,2.2,2.3,2.3,2.4,2.5,2.6,2.8,2.9,2.9,3.1,3.3,,,3.36,3.61,3.72,3.81,3.8,3.83,3.83,3.95,4.08,4.18,4.26,4.31,4.5,4.66,4.8,4.95,5.33,5.59,5.73,5.87,5.88,5.92,5.92,5.93,5.97,5.99,6.21,6.17,6.23,
Grenada,0.222,,,,,,,,,,0.346,,,,,,,,,,,,,,0.49,,,,0.553,,0.5,,,0.578,,0.65,,0.404,,0.576,0.564,0.562,0.56,0.558,,,0.658,,,,,,,,,,,1.41,1.44,
Greenland,1.17,,,,,,,,,,0.905,,,,,,,,,,1.14,,,,,,,,,,,,,,,,,,,,,,,,,,,,,,,,,,,,,,,
Guatemala,0.184,,,,,0.271,,,,,0.274,,,,,,,,,,,,,,0.47,,,,0.26,,0.78,,,0.25,,1.1,,0.933,,0.875,,,,,,,,,,0.904,,,,,,,,0.28,0.355,
Guam,,,,,,,,,,,,,,,,,,,,,,,,,,,1.19,,,,,,,,,,,,,1.08,,,,,,,,,,,,,,,,,,,,
Guyana,0.255,,,,,,,,,,0.235,,,,,0.249,,,,,,,,,0.165,0.168,,,,,0.17,,,0.112,,0.33,,0.181,,,0.49,,,,,,,,,0.215,0.687,,,,,,,,1.82,
"Hong Kong, China",0.327,,,,,0.396,,,,,0.663,,,,,0.672,,,,,0.826,,,,,,0.932,,,,,,,1.2,1.27,1.32,,,,,,,,,,,,,,,,,,,,,,,,
Honduras,0.081,,,,,0.19,,,,,0.269,,,,,0.269,,,,0.331,,0.332,,,0.691,,,,0.829,,0.7,0.411,,,,0.65,,0.832,,,0.559,,,,,0.359,,,,,0.295,,,,,,0.598,0.309,,
Croatia,,,,,,,,,,,,,,,,,,,,,1.67,1.74,1.81,1.86,1.88,,,,,,2.97,2.67,2.72,2.75,2.74,2.72,2.73,2.75,2.6,2.5,2.36,2.39,2.41,2.47,2.53,2.54,2.57,2.7,2.71,2.72,2.84,2.9,2.97,3.02,3.13,3.17,3,,,
Haiti,0.105,,,,,0.07,,,,,0.08,,,,,0.081,,,,,,0.11,,,0.141,0.137,,,0.143,,0.08,,0.084,0.092,,0.16,,,0.238,,,,,,,,,,,,,0.138,,0.23,,0.0852,,,0.234,
Hungary,1.5,1.6,1.7,1.7,1.8,1.9,1.9,2,1.9,2,2,2.1,2.1,2.2,2.2,2.2,2.3,2.3,2.4,2.5,2.3,2.3,2.4,2.4,2.5,2.5,2.6,2.7,2.7,2.7,3.17,3.27,3.33,3.29,3.34,3.35,3.39,3.44,3.52,3.55,2.68,2.89,3.19,3.24,3.33,2.78,3.04,2.81,3.1,3.04,2.89,2.98,3.11,3.23,3.34,3.12,3.23,3.34,3.41,
Indonesia,0.021,,,,,0.032,,,,,0.037,,,,,0.037,,,,0.085,,0.08,,0.106,,,,,,0.142,0.144,0.148,,0.058,,,,,,,,,,0.134,,,,,,0.264,0.243,,0.201,0.312,,0.274,,0.377,0.427,0.465
India,0.21,,,,,0.205,,,,,0.205,,,,,0.204,,,,,0.371,0.27,,,0.396,,,,0.407,,,1.22,,,,,,,,,0.525,0.535,0.555,0.563,0.57,0.589,0.601,0.618,0.634,0.652,0.686,0.738,0.698,0.717,0.725,0.733,0.759,0.778,0.686,0.928
Ireland,,,,,,,,,,,,,,,,,,,,,,,,,,,,,,,1.55,1.7,2.01,2.03,2,2.11,2.11,2.14,2.2,2.27,2.23,2.39,2.42,2.58,2.75,3.54,3.66,3.9,4.01,4.04,4.13,4.09,3.94,3.93,3.03,3.15,3.23,3.29,3.31,3.35
Iran,0.244,,,,,0.257,,,,,0.306,,,,,,,,,,,0.338,,,,,0.347,0.376,0.318,,,,,0.318,,,0.85,,1.05,,,,,,0.882,0.887,0.536,,,,,,,,1.5,1.15,,1.13,1.58,
Iraq,0.195,,,,,0.2,,,,,0.309,,,,,,,,,,0.563,0.568,,,,,0.596,0.576,,,0.603,,,0.603,,,,,0.55,,,0.543,,,0.658,0.66,,0.528,,,0.664,,,,1.04,,0.854,0.838,0.708,
Iceland,1.2,1.2,1.2,1.2,1.2,1.2,1.2,1.2,1.3,1.3,1.4,1.5,1.6,1.6,1.7,1.8,1.9,1.9,2,2,2.1,2.2,2.3,2.3,2.4,2.6,2.6,2.7,2.7,2.8,2.8,2.8,3,3,3,3,3.1,3.3,,3.4,4.06,4.11,3.61,3.64,4.21,3.63,3.65,3.69,3.72,3.68,3.57,3.46,3.51,3.57,3.63,3.78,3.89,3.98,4.08,4.14
Israel,2.47,,,,,2.5,,,,,2.88,2.97,3.16,3.3,,,,,,2.69,,,,,,,,,,,3.71,3.95,4.35,4.34,4.35,4.34,4.35,4.38,4.38,4.4,7.47,7.31,7.34,7.43,7.37,7.17,7.09,7.07,7.12,7.14,6.97,6.9,6.59,6.55,6.59,6.69,6.71,6.8,6.94,5.47
Italy,,,,,,,,,,,,,,,,,,,,,,,,,,,,,,,4.67,4.85,4.99,5.48,5.58,5.67,5.73,5.84,5.92,5.99,6.92,7.03,7.12,7.23,7.36,7.4,7.4,7.55,7.56,7.58,7.63,7.77,7.7,7.81,7.81,7.7,7.9,7.96,7.93,8.01
Jamaica,0.386,,,,,0.502,,,,,0.38,,,,,,,,,0.361,,0.359,,,0.489,,,,,,0.57,,,0.472,,0.57,,,,,,,,0.832,,,,,0.397,,,,0.354,0.468,0.38,0.415,0.455,,,
Jordan,0.346,,,,,0.37,,,,,0.404,,,,,0.378,,,,,0.786,1.11,1.13,,1.16,,,,,,,1.35,,,1.63,,,1.66,0.989,1.93,1.87,2.04,2.2,2.28,2.04,2.24,2.29,2.44,2.22,2.13,2.23,,,2.19,2.2,2.81,,2.32,,
Japan,1,1,1,1,1,1,1,1,1,1.1,1.1,1.1,1.1,1.1,1.1,1.1,1.1,1.2,1.2,1.2,,1.3,,,,1.5,,,,,1.7,,1.75,,1.83,,1.9,,1.96,,1.92,,1.97,,2.02,,2.07,,2.14,,2.21,,2.27,,2.34,,2.41,,2.48,
Kazakhstan,,,,,,,,,,,,,,,,,,,,,,,,,,,,,,,4.05,3.94,4.07,3.98,3.8,3.8,3.71,3.38,3.5,3.37,3.28,3.44,3.58,3.62,3.59,3.6,3.7,3.65,3.72,3.78,3.93,3.95,3.91,3.95,3.98,,,,,
Kenya,0.092,,,,,0.075,,,,,0.125,,,,,0.127,,,,,,0.099,0.12,,,0.154,,,,,,,,0.138,,0.132,,,,,,,0.134,,,,,,0.166,0.169,0.17,0.175,0.182,0.191,0.196,,,,0.157,
Kyrgyz Republic,,,,,,,,,,,,,,,,,,,,,,3.09,,,,,,,,,3.44,3.47,3.41,3.13,3.09,3.15,3.23,3.05,2.98,2.9,2.8,2.7,2.59,2.57,2.56,2.52,2.45,2.36,2.35,2.34,2.34,2.29,2.26,2.26,2.21,,,,,
Cambodia,0.028,,,,,0.045,,,,,0.062,,,,,,,,,,,,,0.058,,,,,,,,,0.107,0.104,0.105,,0.114,,0.147,,0.168,,,,,,,,0.244,0.238,0.23,0.226,0.165,,0.193,,,,,
Kiribati,0.541,,,,,,,,,,0.613,,,,,,,,,,0.516,,,,,,0.497,,,,0.193,0.176,0.186,0.13,,,,,,,,,,,,,,,0.253,,0.398,0.143,,0.204,,,,,,
St. Kitts and Nevis,0.235,,,,,,,,,,0.312,,,,,,,,,,0.36,,,,0.458,,,,,,0.695,0.693,0.762,0.779,0.938,1.09,1.13,1.12,1.06,1.05,,1.1,,,,,,,,,,,,,,2.68,,,2.77,
South Korea,,,,,,,,,,,,,,,,,,,,,,0.5,0.5,0.5,0.6,0.6,0.6,0.7,0.7,0.8,0.8,0.9,1,1,1.1,1.1,1.2,1.2,1.3,1.3,1.29,1.38,1.48,1.55,1.55,1.61,1.67,1.72,1.84,1.92,1.98,2.04,2.08,2.16,2.21,2.25,2.3,2.36,2.41,
Kuwait,0.871,,,,,1.26,,,,,0.954,,,,,,,,,,1.7,1.41,1.62,,,,1.57,,,,,,,,,1.78,,1.89,,,,,,1.9,1.5,1.8,1.45,1.88,1.88,1.89,2.43,2.46,2.47,2.53,2.65,2.65,,,,
Lao,0.02,,,,,0.041,,,,,0.066,,,,,,0.051,,,,,,,,,0.729,,,,,0.234,,,,,0.342,,,,,0.285,,,,0.353,0.281,,,,0.197,,,0.18,0.449,0.495,,,0.373,,
Lebanon,0.778,,,,,0.938,,,,,0.726,,,,,,,,,1.69,,1.71,,1.25,,,,,,1.86,,1.33,,1.86,,,,2.1,,,,2.88,,,,,2.47,2.35,,,2.34,2.62,,2.25,2.07,2.1,2.01,2.03,2.1,
Liberia,0.077,,,,,0.08,,,,,0.079,,,,,0.08,,,,,,0.106,,0.107,,,,,,,,,,,,,,0.023,,,,,,,0.0328,,,,0.0141,0.024,0.0231,,,,,0.0376,,,,
Libya,0.152,,,,,0.259,,,,,0.368,,,,,,,,,,1.33,1.63,1.56,1.44,,,,,,,1.07,,,1.44,,,,1.24,,,,,,,1.24,,,,1.84,1.96,,,,,2.06,1.89,,2.09,,
St. Lucia,0.139,,,,,,,,,,0.187,,,,,,,,,,,,,,0.285,,,,,,0.35,0.393,,0.544,,0.56,,0.473,,,,0.819,0.439,0.467,0.42,0.508,,0.185,0.159,0.104,1.65,1.81,2.14,2.44,1.86,,,0.641,,
Sri Lanka,0.223,,,,,0.172,,,,,0.169,,,,,0.169,,,,,,0.134,0.134,,,0.181,,,,0.146,,0.139,0.165,0.207,0.185,0.222,0.279,0.305,0.346,0.375,0.424,0.443,,,0.54,0.522,0.522,0.555,0.624,0.683,0.724,0.739,0.764,0.798,0.836,0.862,0.892,0.928,1,1.15
Lesotho,0.042,,,,,0.048,,,,,0.032,,,,,0.032,,,,,,,,,,0.071,,,,,0.043,,,0.05,,0.054,,,,,,,,0.0441,,,,,,,0.0692,,,,,,,,,
Lithuania,,,,,,,,,,,,,,,,,,,,,,,,,,3.72,3.82,3.88,3.94,3.98,4.03,3.9,3.36,3.28,3.32,3.32,3.31,3.34,3.31,3.31,3.62,3.63,3.7,3.67,3.62,3.7,3.75,3.85,3.86,3.85,3.91,4.02,4.14,4.2,4.25,4.3,4.43,4.53,6.35,5.04
Luxembourg,1,1,1,1,1,1,1,1,1.1,1.1,1.1,1.2,1.2,1.2,1.2,1.3,1.3,1.3,1.5,1.6,1.7,1.5,1.7,1.7,1.7,1.8,1.9,1.8,1.9,2,2,2,2.1,2.1,2.2,2.2,2.3,2.4,2.4,2.5,2.79,2.87,2.94,3.08,3.16,2.6,2.62,2.72,2.74,2.72,2.77,2.76,2.8,2.83,2.89,2.92,2.91,3.01,,
Latvia,,,,,,,,,,,,,,,,,,,,,3.62,,,,,4.1,4.08,4.11,4.18,4.16,4.69,4.61,4.08,3.62,3.41,3.35,3.48,3.42,3.28,3.34,2.86,2.66,2.76,2.81,2.9,2.94,3.02,3.15,3.24,3.15,3.08,3.08,3.09,3.14,3.17,3.17,3.19,3.19,3.3,
"Macao, China",0.41,,,,,,,,,,0.634,,,,,,,,,,1.07,1.12,,,,,2.43,1.56,,,,,,,,,,,,,,,,,,,,,,,,,,,,,,,,
Morocco,0.106,,,,,0.082,,,,,0.076,,,,,0.076,,,,,,0.054,0.064,,,,,0.217,0.214,,,,,0.214,0.363,,,0.46,,,,0.483,,,0.531,,,0.586,,0.648,,,,0.632,0.913,,,0.731,,
Monaco,,,,,,,,,,,2.4,1.96,2.21,2.25,2.38,2.36,2.42,2.4,2.32,2.36,2.38,2.23,2.19,,,,,,,,,,2.81,,,,,,,,,,,,,,,,,,,6.42,6.44,7.78,7.51,,,,,
Moldova,,,,,,,,,,,,,,,,,,,,,2.82,2.9,3.01,3.09,3.19,3.3,3.37,3.44,,,3.55,3.47,3.49,3.54,3.56,3.51,3.57,3.6,3.67,,2.46,2.29,2.31,2.28,2.18,2.38,2.38,2.39,2.35,2.39,2.38,2.41,2.41,2.5,2.47,2.48,,3.21,,2.56
Madagascar,0.115,,,,,0.093,,,,,0.097,,,,,0.096,,,,,,0.099,,,,0.101,,,,,0.12,,,,,0.272,0.107,,,,,0.087,0.136,0.148,0.156,0.18,0.171,0.181,0.186,0.181,0.195,0.144,0.143,0.153,0.181,,,,,
Maldives,,,,,,,,,,,0.033,,,,,,,,,,,0.049,0.065,,,,,,,,0.07,0.192,,0.284,,,0.667,,,,,,,,0.97,,,1.65,,1.49,1.44,,,,1.77,,,1.75,1.71,
Mexico,,,,,,,,,,,,,,,,,,,,,,,,,,,,,,,1,1.1,1.3,1.4,1.5,1.6,1.6,1.4,1.2,1.7,3.25,3.03,3.05,3.16,3.31,3.53,3.76,3.84,3.9,3.96,4,4.2,4.22,4.31,4.45,4.65,4.65,4.77,4.85,
Marshall Islands,,,,,,,,,,,,,,,,,,,,,,,,,,,,,,,,,,,,,0.422,,,,0.471,,,,,,,0.554,,,0.567,0.584,0.423,,,,,,,
North Macedonia,,,,,,,,,,,0.89,0.919,0.953,1.01,1.02,1.12,1.11,1.16,1.24,1.31,,,,,,,,,,,2.2,2.25,2.29,2.2,2.19,2.27,2.23,2.25,2.24,2.18,2.19,2.18,2.23,2.17,2.18,2.13,2.51,2.45,2.59,2.59,2.68,2.73,2.77,2.8,,2.87,,,,
Mali,0.014,,,,,0.019,,,,,0.023,,,,,0.023,,,,,0.039,0.038,,,,0.039,,0.043,0.054,,0.051,,,,0.047,0.043,0.063,,,,0.044,,,,0.0851,,,0.0776,,0.0923,0.102,0.104,0.107,,,,0.14,,0.129,
Malta,0.891,,,,,,,,,,1.07,1.03,,,,1.28,,,,,,1.17,1.27,,1.38,,,2.03,,,2.21,2.4,2.38,2.45,,,,2.41,2.54,,2.6,3.08,3.27,3.13,,,,,3.36,1.92,2.15,2.24,2.36,2.46,2.66,2.86,,,,
Myanmar,0.065,,,,,0.085,,,,,0.114,,,,,,,,,,,0.203,,,,0.27,,,,0.081,0.078,,,,,0.293,,,,0.297,0.302,,,,0.366,0.38,0.416,0.439,0.475,0.488,0.522,0.551,0.58,,,,0.62,0.864,0.677,0.737
Montenegro,,,,,,,,,,,,,,,,,,,,,,,,,,,,,,,,,,,,,,,,1.86,1.88,1.91,1.9,1.85,1.94,1.95,1.99,1.99,2.11,2.1,2.04,2.01,2.04,2.15,2.19,2.38,,,2.76,
Mongolia,0.91,,,,,1.38,,,,,1.73,,,,,,,,,,,,,,,,,,,,2.54,2.69,2.62,,,,,,2.43,2.54,,,2.76,,,,,,2.88,2.67,2.76,2.87,3.04,3.09,3.16,3.22,2.86,,3.85,
Northern Mariana Islands,,,,,,,,,,,,,,,,,,,,,,,,,,,,,,,,,,,,,,,,0.445,,,,,,,,,,,,,,,,,,,,
Mozambique,0.043,,,,,0.056,,,,,0.053,,,,,,,,,,0.025,0.027,0.026,,,0.021,,,,0.028,0.012,,,,,,,,,,0.024,,,,0.0258,,0.026,,,0.0455,0.0487,0.0524,0.0546,0.0568,,,,0.0761,0.0838,0.0846
Mauritania,0.024,,,,,0.027,,,,,0.056,,,,,0.055,,0.069,,,,,,,0.083,0.113,,,,,0.063,,,0.063,,0.138,,,,,,,,,0.106,,,,,0.131,0.157,,,,0.158,0.171,,0.185,0.186,
Mauritius,0.215,,,,,0.255,,,,,0.24,,,,,0.235,,,,,0.521,0.552,,,,0.529,,,,0.858,0.811,0.835,0.847,0.844,0.845,0.85,,,,,,,,,1.07,,,1.15,1.17,1.19,1.2,1.45,1.37,1.63,1.93,2.02,2.19,2.31,2.53,
Malawi,0.027,,,,,0.021,,,,,0.013,,,,,,,,,,,0.019,,,0.087,,,,,0.023,0.022,,,0.028,,,,,,,,,,0.011,0.0216,,,,0.0187,0.0188,,,,0.0126,,,0.0313,,0.0358,
Malaysia,0.143,,,,,0.161,,,,,0.232,,,,,0.234,,,,,0.255,0.255,,,,0.315,0.335,0.348,0.367,0.374,0.392,0.393,0.411,0.431,0.449,0.478,0.496,0.658,,0.683,0.696,,0.703,,,,,,0.922,,1.17,1.28,1.33,,,1.54,,,,
Namibia,,,,,,,,,,,,,,,,,,,,,,,,,,,,,,,,0.231,0.232,,,,,0.295,,,,,,,0.314,,,0.386,,,,,,,,,,0.591,,
New Caledonia,,,,,,,,,,,,,,,,,,,,,,,,0.653,,,,,,,,,,,,,,,,1.98,,,,,,,,,,,,,,,,,,,,
Niger,0.011,,,,,0.016,,,,,0.017,,,,,0.016,,,,,,,,,0.025,,,,,,0.018,,0.027,,0.023,,0.024,0.035,0.033,,,,0.033,,0.0226,,,,0.0189,0.0277,,,0.0535,0.0511,0.0272,0.0472,0.0433,,,
Nigeria,0.017,,,,,0.043,,,,,0.05,,,,,0.049,,,,,0.113,,0.149,,,0.192,0.187,,,0.192,,,0.185,0.192,,,,,,,0.269,,,0.265,,0.282,0.348,0.378,0.376,0.378,,,,0.383,,,0.449,,0.381,
Nicaragua,0.34,,,,,0.378,,,,,0.453,,,,,0.46,,,,,0.416,0.426,,,0.637,,,,0.471,,0.657,,,,,0.82,,0.856,,,,,,0.386,,0.5,0.492,0.526,0.649,0.703,0.728,0.814,0.861,0.898,0.895,0.931,0.954,0.99,1.66,
Netherlands,1.1,1.1,1.1,1.1,1.1,1.2,1.2,1.2,1.2,1.2,1.2,1.3,1.4,1.4,1.5,1.6,1.7,1.7,1.8,1.8,,,,,,,,,,,2.5,,,,,,,,,2.38,2.44,2.52,2.58,2.62,2.65,2.7,2.78,2.77,2.85,2.91,2.95,3.12,3.25,3.31,3.42,3.49,3.55,3.63,3.71,
Norway,1.2,,1.2,1.1,1.2,1.3,1.3,1.3,1.4,1.4,1.4,1.5,1.5,1.6,1.7,1.7,1.8,1.9,1.9,1.9,2,2,2.1,2.1,2.2,2.2,2.3,2.5,,,,2.6,2.6,0.376,,,,,0.529,,3.37,3.53,3.27,3.27,3.44,3.61,3.78,3.89,4,4.05,4.12,4.19,4.24,4.31,4.42,4.39,4.5,4.64,4.78,4.88
Nepal,0.013,,,,,0.021,,,,,0.019,,,,,0.019,,,,,0.034,,,,0.031,0.034,,0.051,0.051,0.054,0.051,0.062,0.076,0.074,,0.04,0.04,0.04,0.04,,,0.052,,,0.212,,,,,,,,0.516,0.564,,,,0.91,0.749,0.809
Nauru,,,,,,,,,,,,,,,,,,,,,,,,,,,,,,,,,,,,1.51,,,,,,,,,1.01,,,,1.01,1.01,1.1,1.39,,,,1.35,,,,
New Zealand,,1.1,,,,,1.1,,,,,1.1,,1.2,,,1.3,1.4,1.4,1.5,1.6,1.6,1.6,1.7,1.7,1.7,1.8,1.8,1.9,1.9,1.9,1.9,1.9,1.9,2,2,2,2.2,2.2,2.2,2.23,2.17,2.12,2.18,2.19,2.11,2.27,2.29,2.45,2.57,2.61,2.63,2.68,2.78,2.86,3.03,3.15,3.33,3.42,
Oman,0.03,,,,,0.038,,,,,,,,,,,,,,,,,0.549,,,,,0.834,,0.883,0.795,,,,,1.12,,0.854,0.932,0.964,1.44,,,,1.58,1.67,1.77,1.85,1.89,1.93,1.93,1.95,2.02,2.04,2.15,2.09,1.92,1.96,2,1.93
Pakistan,0.185,,,,,,,,,,0.232,,,,,0.233,,,,,0.285,0.344,0.342,,,,0.351,,,,0.462,0.48,0.527,0.538,0.55,0.563,0.583,0.599,0.613,0.628,0.645,0.659,,,0.742,0.788,,0.762,0.781,0.795,0.808,0.831,0.859,0.877,0.897,0.926,0.962,1,0.98,1.12
Panama,0.356,,,,,0.478,,,,,0.613,,,,,0.597,,,,,,0.993,,,1.02,1.01,,,1.79,,1.11,1.12,1.14,1.18,1.13,1.17,1.21,1.2,1.19,1.23,,1.24,1.33,1.34,1.32,1.35,1.35,1.3,1.38,1.31,1.41,1.5,1.6,1.58,,1.58,1.57,1.59,1.61,1.63
Peru,0.51,,,,,0.605,,,,,0.521,,,,,0.526,,,,0.692,0.716,0.76,0.846,0.902,0.908,0.929,0.984,0.983,0.965,1.03,1.06,,1.03,,,0.98,,0.932,,1.14,,,,,,,,1.66,,0.947,,,1.14,,,,1.3,,0.82,
Philippines,0.146,,,,,,,,,,0.111,,,,,0.113,,,,,0.128,0.15,,,0.154,0.154,,,,0.124,0.119,,0.108,,,,1.23,1.24,,,1.22,1.22,1.11,1.23,1.11,1.23,1.24,1.24,1.26,1.26,1.27,,,,,,,0.6,,
Palau,,,,,,,,,,,,,,,,,,,,,,,,,,,,,,,,,,,,,,,1.41,,,,,,,,1.33,,,1.58,1.61,,,,1.42,,,,,
Papua New Guinea,,,,,,0.079,,,,,0.086,,,0.056,,0.085,,,,,0.062,0.062,,,,0.162,,,,,0.073,,,,,,,,0.073,,0.047,,,,,,,,0.0477,,0.0514,,,,,,,,0.0699,0.0661
Poland,1,1,1.1,1.1,1.2,1.2,1.3,1.3,1.4,1.4,1.4,1.5,1.5,1.5,1.6,1.6,1.6,1.7,1.7,1.7,1.8,1.8,1.8,1.9,1.9,2,2,2.1,,,2.15,2.18,2.19,2.23,2.28,2.33,2.36,2.36,2.34,2.27,2.21,2.25,2.29,2.42,2.28,2.13,2.17,2.18,2.15,2.16,2.17,2.2,2.22,2.23,2.3,2.33,2.41,2.38,,
Puerto Rico,,,,,,,,,,,,,,,,,,,,,,,,,,,,,,,,,,,,1.75,,,,,,,,,,,,,,,,,,,,,,,,
North Korea,,,,,,,,,,,,,,,,,,,,,,,2.55,2.51,,,,,,,,,,,,2.97,,,,,,,,3.17,,,,,3.29,,,,3.45,,3.51,,3.7,3.68,,
Portugal,0.8,0.8,0.9,0.8,0.8,0.9,0.9,0.9,1,0.9,0.9,1,1,1.1,1.2,1.2,1.3,1.5,1.7,1.9,,,,,,,,,,,2.83,2.86,2.87,2.87,2.88,2.91,2.99,3.03,3.09,3.11,3.2,3.26,3.3,3.35,3.42,3.5,3.57,3.65,3.74,3.85,3.98,4.12,4.24,4.39,4.56,4.75,4.94,5.12,5.31,
Paraguay,0.534,,,,,0.533,,,,,0.435,,,,,0.439,,,,0.563,,0.579,,,0.701,0.675,,,0.64,,0.65,0.813,,,0.28,0.73,,1.1,,,1.17,,1.15,,,,,,,,,,1.28,,,,,,1.35,
Palestine,,,,,,,,,,,,,,,,,,,,,,,,,,,,,,,,,,,,,,,0.5,,,0.837,,,,,,,,,,,,,,,,,,
French Polynesia,,,,,,,,,,,,,,,,,,,,,,,,,,1.25,,,,,,,,,,,,,,,1.7,,,,,,,,,,,,,,,,,,,
Qatar,,,,,,,,,,,0.513,,,,,,,,,,,0.738,,,,,1.68,,,,1.5,,,,,,1.26,1.26,,,,2.22,,,,2.48,2.26,,3.21,3.1,3.73,,,,1.74,,2.69,,2.49,
Romania,1.27,,,,,1.32,,,,,1.19,1.21,,1.24,,1.32,1.33,1.35,1.38,1.41,1.48,1.54,1.64,1.97,1.72,1.76,1.78,1.79,1.8,1.81,1.8,1.82,1.87,1.77,1.74,,,,1.84,,1.95,1.98,2.1,,2.23,2.21,2.21,2.29,2.41,2.44,2.48,2.52,2.59,2.62,,,2.26,2.98,,
Russia,,,,,,,,,,,,,,,,,,,,,,,,,,3.87,3.94,4,4.04,4.08,4.52,4.27,2.25,2.26,2.27,2.31,2.34,2.34,2.37,2.37,6.97,6.94,7.02,7.06,7.09,7.13,7.27,7.32,7.29,7.36,7.2,6.45,4.33,4.29,4.45,4.25,4.28,4.39,4.44,
Rwanda,0.008,,,,,0.014,,,,,0.017,,,,,0.017,,,,,0.032,0.031,,0.029,,0.027,,,,0.04,,,,0.04,,,,,,,,,0.019,,0.049,0.024,,,0.052,0.055,0.055,0.0129,,0.102,0.0909,0.113,0.123,0.138,0.134,0.118
Saudi Arabia,0.061,,,,,0.106,,,,,0.134,,,,,,,,,,,0.55,,,,,1.35,,,,1.43,,,1.33,,,,1.66,,,0.724,0.682,,,,,,,2.06,2.08,2.41,2.46,2.45,,2.57,,2.38,2.54,2.61,
Sudan,0.03,,,,,0.041,,,,,0.068,,,,,0.068,,,,,0.11,0.101,,,0.096,,0.09,,,,,,,,0.105,,0.09,,,,0.158,,,,0.25,,0.35,0.35,0.327,,,,,,,0.407,,0.262,,
Senegal,0.044,,,,,0.051,,,,,0.063,,,,,0.061,,,,,,0.079,0.077,,,,,,,,0.055,,0.068,,0.096,0.075,0.093,0.093,0.095,,,,,,0.0549,,,,0.0617,,,,,0.318,,0.207,0.077,0.0691,,0.0881
Singapore,0.42,,,,,0.526,,,,,0.657,,,,,0.667,,,,,0.851,0.877,,,,0.998,0.723,,1.11,,1.27,1.32,1.35,1.39,1.41,,,,1.63,1.35,,1.41,,1.55,1.55,1.58,1.57,1.61,1.64,1.68,1.72,1.72,1.8,1.9,2.01,,2.29,,,
Solomon Islands,0.186,,,,,,,,,,0.205,,,,,,,,,,,,,,,,0.135,,,0.152,,,0.157,,,0.14,,,,0.135,,,,0.134,,0.189,,,0.177,,,0.201,0.155,0.187,,,0.194,,,
Sierra Leone,0.047,,,,,0.059,,,,,0.056,,,,,0.054,,,,,0.058,0.053,,,0.075,,,,,,,,,,,,0.073,,,,,,,,0.0309,,,,0.0155,,0.0212,0.0251,,,,,,,0.074,
El Salvador,0.187,,,,,,,,,,0.243,,,,,0.242,,,,,0.326,0.387,,,0.352,,,,0.647,,0.84,,,0.66,,0.91,,1.07,,1.24,,,1.33,,,1.71,,,1.88,,,,,,,,1.57,,2.87,
San Marino,,,,,,,,,,,,,,,,,,,,,2.06,2.22,2.18,2.25,2.17,2.29,2.4,2.52,2.54,2.42,,,,,,,,,,,,,,,,,,,,,,4.89,5.11,5.03,6.11,,,,,
Somalia,0.024,,,,,0.027,,,,,0.037,,,,,0.038,,,,,0.046,0.041,,,0.071,,,,,,,,,0.042,,,,0.04,,,,,,,,,0.0279,,,,,,,,0.023,,,,,
Serbia,,,,,,,,,,,,,,,,,,,,,,,,,,,,,,,,,,,,,,,,,,,,2.21,2.27,2.26,2.29,2.34,2.42,2.45,2.48,2.5,2.5,2.49,2.46,2.46,3.11,,,
Sao Tome and Principe,0.3,,,,,,,,,,0.233,,,,,,,,,,0.438,0.419,,0.537,,,,,,0.546,0.53,,0.328,,,,0.467,,,,,,,,0.527,,,,,,,,,,,0.316,,,,
Suriname,0.51,,,,,,,,,,0.465,,,,,,,,,,,,,,0.791,,,,,,0.75,,,0.762,,0.75,0.252,,,,0.406,,,,0.81,,,,,0.705,,,,,,1.05,1.13,1.18,0.819,
Slovak Republic,,,,,,,,,,,,,,,,,,,,,,,,,,,,,,,,,,,,,,,,3.32,3.23,3.21,3.19,3.13,3.14,3.02,3.16,3.37,3.36,3.3,3.35,3.3,3.36,3.39,3.42,3.44,3.47,3.42,3.52,
Slovenia,,,,,,,,,,,,,,,,,,,,,1.77,,1.84,,1.86,1.88,1.88,2,2.02,2.06,1.99,2.08,2.09,2.03,2.19,2.12,2.13,2.15,2.18,,2.15,2.18,2.23,2.26,2.31,2.35,2.37,2.39,2.4,2.42,2.44,2.5,2.54,2.63,2.76,2.81,3,3.09,3.17,
Sweden,1,1,1,1,1.1,1.1,1.1,1.2,1.2,1.3,1.3,1.4,1.5,1.5,1.6,1.7,1.8,1.9,2,2,2.2,2.3,2.3,2.4,2.6,2.6,2.8,2.8,2.8,2.8,2.9,,2.7,2.7,2.8,2.85,2.87,2.89,2.96,3,3.02,3.12,3.21,3.29,3.37,3.45,3.54,3.62,3.67,3.74,3.8,3.88,3.96,4.04,4.11,4.19,4.27,4.33,,
Eswatini,0.104,,,,,,,,,,0.124,,,,,,,,,,,,,0.053,,,,,,,0.108,,,,,,0.151,,,,,0.177,,0.156,0.167,,,,,0.164,,0.102,,,,,0.0961,,,
Seychelles,0.312,,,,,,,,,,0.224,,,,,0.218,,,,,,,,0.407,,0.445,,,,,,,,1.03,,,1.32,,,,,,,,1.38,1.17,0.838,1.01,0.773,1.13,1.1,1.16,1,,,,2.12,,2.47,
Syria,0.216,,,,,0.185,,,,,0.259,,,,,0.256,,,,,0.446,0.463,,,,,0.807,0.783,,0.863,0.835,,,,,,,1.3,1.34,1.34,1.37,,1.47,1.41,1.45,1.54,,1.49,1.49,1.41,1.46,,,,1.55,,1.29,,,
Chad,0.014,,,,,0.014,,,,,0.016,,,,,,,,0.021,,,,,,,,0.026,,,0.026,,,,,0.033,,,0.026,0.0201,0.0288,0.0281,,,,0.0354,,0.0352,,,,,,0.0413,0.0433,0.0445,0.0493,0.0371,0.0434,,0.0542
Togo,0.021,,,,,0.043,,,,,0.035,,,,,0.035,,,,,0.055,0.049,,,0.117,,0.085,,,,,0.088,,,0.056,0.076,,,,,,0.057,,,0.0446,,,0.049,0.0574,,0.0506,,,,,0.0493,,0.0757,0.0774,0.0776
Thailand,0.129,,,,,0.14,,,,,0.121,,,,,,,,,,0.147,,,,0.16,,0.182,,0.21,,0.225,0.224,,0.234,,0.238,,0.272,0.291,0.291,,0.298,0.296,,0.291,,0.287,0.296,0.316,0.339,0.391,,,,,0.465,0.445,0.807,0.805,0.919
Tajikistan,,,,,,,,,,,,,,,,,,,,,,,,,,2.53,2.56,2.58,,,2.56,2.62,2.38,2.17,2.23,2.1,2.04,1.98,2.08,2.12,2.17,2.12,2.04,1.94,1.95,1.95,1.92,1.9,1.93,1.64,1.7,1.72,1.73,1.71,1.72,,,,,
Turkmenistan,,,,,,,,,,,,,,,,,,,,,2.84,,,,,3.3,3.44,3.53,3.55,3.6,3.61,3.67,3.59,3.57,3.54,3.17,3.22,3.17,,,2.75,2.77,7.09,2.67,2.61,2.5,2.39,2.34,2.3,2.29,2.27,2.28,2.24,2.21,2.22,,,,,
Timor-Leste,,,,,,,,,,,,,,,,,,,,,,,,,,,,,,,,,,,,,,,,,,,,,0.082,,,0.034,0.037,0.044,0.079,0.078,,0.617,0.682,0.695,,0.75,0.722,0.769
Tonga,0.375,,,,,,,,,,0.256,,,,,,,,,,0.362,0.602,0.6,,,,,,,0.492,,0.508,,,,,,0.44,,,0.499,0.355,0.303,,,,,,0.551,0.597,0.558,,,0.54,,,,,,
Trinidad and Tobago,0.418,,,,,0.262,,,,,0.445,,,,,0.454,,,,,0.726,0.673,,,1.04,,,,,,0.72,0.732,,0.658,0.788,0.943,0.761,0.753,0.939,0.926,1.01,0.97,0.825,0.809,,,1.22,1.18,,1.51,1.81,1.82,,,,2.65,,3.36,5.41,4.48
Tunisia,0.1,,,,,0.125,,,,,0.169,,,,,0.169,,,,,0.271,0.275,,,,,0.461,,,,0.537,0.534,0.592,0.598,0.596,0.654,0.666,0.688,0.717,0.744,0.767,0.793,0.807,0.823,1.33,0.932,,1.02,1.11,,1.22,,,,1.28,1.31,1.28,1.3,,
Turkey,0.3,0.3,0.4,0.4,0.3,0.4,0.4,0.4,0.4,0.4,,,,,,,,,,,,,,,,,,,,,0.939,0.994,1.02,1.08,1.14,1.16,1.16,1.19,1.22,1.28,1.35,1.4,1.41,1.43,1.45,1.49,1.52,1.56,1.61,1.66,1.71,1.72,1.74,1.76,1.76,1.8,1.81,1.85,1.81,
Tuvalu,,,,,,,,,,,,,,,,,,,,,,,,,,,,,,,,,,,,,,,,,,,0.625,1.03,,,,,0.971,1.15,,,,,0.909,,,,,
Tanzania,0.055,0.04,,,,0.045,,,,,0.044,,,,,0.044,,,,,,,,,0.039,0.035,,0.039,,,,,,,0.042,0.041,,,,,,,0.0233,,,,,,,,,,0.0315,,0.0603,,,,,
Uganda,0.074,,,,,0.09,,,,,0.108,,,,,0.108,,,,,,0.047,0.046,,0.044,,,,,0.045,,,,0.04,,,,,,,,,0.047,,0.0824,0.121,,,,,,,0.0975,,,0.0954,,0.168,,
Ukraine,,,,,,,,,,,,,,,,,,,,,3.52,3.63,3.74,3.82,3.91,4,4.06,4.14,4.2,4.28,4.29,4.34,4.3,4.34,4.31,4.41,2.99,2.97,2.99,2.99,3.03,3.03,3.02,3.01,3.02,3.02,3.08,3.09,3.12,3.49,3.48,3.48,3.49,3.5,2.99,,,,,
Uruguay,1.06,,,,,1.14,,,,,1.09,,,,,1.11,,,,,,2,,,1.93,1.95,,,,,3.68,,3.23,,,3.56,3.7,,,3.75,,,3.72,,,,,,3.95,,,,,,,,3.96,4.94,,
United States,1.1,,,,,1.2,,,,,1.2,,,,,1.3,1.3,1.3,1.4,1.4,1.5,1.5,1.6,1.6,,,1.7,1.8,1.8,1.8,1.8,1.9,1.9,1.9,,2.44,,,,,2.59,,,,2.71,,,,,,,,,,,,,,2.6,
Uzbekistan,,,,,,,,,,,,,,,,,,,,,2.67,,,,,2.69,3.25,3.32,,,3.39,3.38,3.37,3.34,3.31,3.26,3.16,3.1,3.07,,2.96,2.91,2.85,2.78,2.72,2.67,2.65,2.63,2.6,2.57,2.54,2.5,2.45,2.4,2.37,,,,,
St. Vincent and the Grenadines,0.1,,,,,,,,,,0.182,,,,,,,,,,,,,,0.266,,,,,,0.46,0.135,,,,0.46,,0.936,,,0.826,0.575,,,0.931,,,,,,0.665,,0.941,,,,,,,
Venezuela,0.666,,,,,0.815,,,,,0.883,,,,0.904,0.904,0.904,,,,0.83,0.996,0.833,,1.44,1.2,1.4,1.4,1.6,1.7,1.56,,,,,1.94,,,,,,1.95,,,,,,,,,,,,,,,,1.73,,
Virgin Islands (U.S.),,,,,,,,,,,,,,,,,,,,,,,,,,,,,,,1.65,,,,,1.65,,,,,,,,,,,,,,,,,,,,,,,,
Vietnam,,,,,,,,,,,,,,,,,,,,,0.241,0.247,,,,,1.06,,,0.391,0.404,0.407,0.437,,,,,0.569,0.48,0.515,,0.524,0.551,,,0.614,0.624,0.641,0.665,0.698,0.71,,0.821,,0.783,0.796,0.828,,,
Vanuatu,0.277,,,,,,,,,,0.301,,,,,,,,,,0.191,0.189,,,,,0.204,,,0.125,,0.099,,,,,,0.114,,,,,,,0.147,,,0.118,0.116,,,,0.184,,,,0.165,,,
Samoa,0.441,,,,,,,,,,0.35,,,,,,,,,,0.361,0.404,,,,,0.28,,,0.207,,,0.365,,,,0.344,,0.33,0.691,,,,0.282,,0.278,,,0.464,,0.344,,,0.482,,,0.344,,,
Yemen,0.023,,,,,0.032,,,,,0.029,,,,,,,,,,,0.145,,,,0.171,,,,,0.007,,,,,0.247,0.23,0.239,,,,,,,0.345,,,,0.316,0.317,,,,,0.525,,,,,
South Africa,,,,,,0.488,,,,,,,,,,0.539,,,0.551,,,,,,,,,0.613,,,,,0.624,,,,0.593,,,,,,,,0.737,,,0.699,0.697,0.707,0.721,0.723,0.728,0.742,0.754,0.781,0.767,0.783,0.787,0.792
Zambia,0.107,,,,,0.088,,,,,0.073,,,,,0.074,,,,,0.076,0.126,,0.14,,0.141,,,,,0.092,,,,,0.069,,,,,,,,,0.13,0.0545,0.0533,,0.0619,0.0606,0.0614,,,,,,0.0925,,,
Zimbabwe,0.202,,,,,0.125,,,,,0.162,,,,,0.158,,,,,0.161,0.139,,,,,,0.135,,,0.127,,,,,0.143,,,,,0.126,,,,0.173,0.126,,0.0544,0.0596,0.121,0.127,0.0817,0.0807,0.0834,0.124,0.181,0.179,0.186,0.21,
